id;email;mobile_number;password;modification_counter
1;Urban.Kuhic33@hotmail.com;indexing index Gloves;EXE generating;51904
2;Keira_Hartmann96@hotmail.com;Texas complexity;Wooden;10850
3;Adriana_Gleason@yahoo.com;Credit indexing impactful;Implementation;93276
4;Margarette_Bailey@hotmail.com;empowering Bike program;infomediaries Operative;36799
5;Magnolia_Torphy@yahoo.com;Borders Junction;French world-class strategic;45391
6;Freida17@gmail.com;clear-thinking pixel heuristic;revolutionize ubiquitous;67582
7;Celestine.Kris26@yahoo.com;payment Forward;feed Lebanese needs-based;43726
8;Wilfredo.Bailey@yahoo.com;invoice EXE Arkansas;Dynamic ability;50817
9;Damion7@gmail.com;bypassing;gold Sleek;29438
10;Berniece13@yahoo.com;Division Morocco;Health Ball Metal;77621
